{
	"Location": [{
			"x": 16.082900762557983,
			"y": 46.832526518249864
		},
		{
			"x": 16.084156036376953,
			"y": 46.83296691359897
		}
	]
}
